"id","genero","etnia","idade","escolaridade","renda_familiar","carteira_motorista","qualidade_geral","satisfacao_servico","intencao_uso","percepcao_valor","experiencia_usuario"
1,"Masculino","Branco",21,"Superior",2671,"Não",2.26,3.31,2.8,4.14,2.9
2,"Masculino","Branco",19,"Pós-graduação",3860,"Não",1.42,1.43,2.99,0.78,4.16
3,"Feminino","Branco",20,"Superior",3973,"Sim",1.77,2.8,1.13,3.82,1.19
4,"Masculino","Negro",19,"Superior",3377,"Não",1.03,2.31,3.82,2.87,1.91
5,"Masculino","Negro",19,"Fundamental",3596,"Não",0.88,1.44,3.57,3.98,1.84
6,"Feminino","Negro",25,"Pós-graduação",2277,"Não",1.41,2.04,3.03,3.37,3.6
7,"Masculino","Negro",22,"Superior",3945,"Não",2.87,1.76,0.21,4.28,2.88
8,"Feminino","Pardo",22,"Pós-graduação",2308,"Não",1.27,2.7,3.52,2.8,2.66
9,"Masculino","Pardo",28,"Superior",4693,"Não",1.87,2.47,3.82,3.65,3.6
10,"Masculino","Negro",22,"Médio",2067,"Sim",2.68,0.45,2.24,1.7,1.18
11,"Feminino","Branco",21,"Médio",4717,"Sim",1.99,3.58,4.31,2.69,3.78
12,"Masculino","Branco",25,"Médio",5060,"Sim",2.07,0.18,3.83,4.21,2.44
13,"Masculino","Branco",21,"Médio",4930,"Sim",1.13,2.72,1.89,3.51,3.26
14,"Feminino","Negro",27,"Pós-graduação",6709,"Não",1.75,1.43,2.15,1.31,3.85
15,"Feminino","Negro",21,"Superior",1203,"Sim",0.86,3.06,2.96,2.2,2.28
16,"Masculino","Negro",21,"Superior",2577,"Não",1.05,2.46,2.11,2.93,4.53
17,"Masculino","Branco",19,"Superior",1283,"Não",0.72,3.35,2.05,1.93,2.74
18,"Feminino","Negro",24,"Superior",3540,"Não",1.3,1.94,4.7,2.03,3.67
19,"Feminino","Branco",27,"Pós-graduação",1991,"Não",1.92,-0.09,1.93,4.49,1.36
20,"Feminino","Negro",21,"Superior",3862,"Sim",1.57,1.89,3.49,1.73,2.07
21,"Masculino","Negro",23,"Superior",3468,"Não",0.87,2.2,1.49,3.02,2.82
22,"Feminino","Negro",24,"Superior",906,"Sim",0.87,3.2,3.19,3.64,3.8
23,"Masculino","Pardo",27,"Médio",4041,"Sim",0.58,1.05,3.82,3.01,3
24,"Masculino","Negro",25,"Médio",5066,"Sim",1.98,1.86,4.42,2.62,1.56
25,"Feminino","Negro",19,"Médio",2745,"Não",1.87,1.69,1.97,3.47,3.44
26,"Feminino","Negro",20,"Pós-graduação",1709,"Sim",0.52,3.45,2.38,2.32,3.13
27,"Feminino","Branco",20,"Médio",4936,"Sim",0.3,0.64,4.19,4.38,3.88
28,"Masculino","Negro",23,"Médio",3770,"Não",1.59,3.05,3.85,2.22,2.79
29,"Feminino","Pardo",22,"Médio",5297,"Sim",1.28,3.14,2.88,1.64,4.99
30,"Masculino","Outro",24,"Superior",2759,"Não",0.68,2,3.25,-0.53,1.85
31,"Masculino","Pardo",20,"Médio",2557,"Não",2.48,2.87,2.66,3.08,3.48
32,"Masculino","Negro",21,"Pós-graduação",4836,"Não",1.6,2.56,3.98,1.79,4.43
33,"Feminino","Negro",25,"Superior",5325,"Sim",1.63,1.46,3.58,2.85,2.46
34,"Masculino","Negro",22,"Fundamental",2027,"Não",2.14,1.47,3.1,1.24,3.51
35,"Feminino","Branco",20,"Médio",4248,"Sim",1.99,0.28,2.27,3.77,3.24
36,"Masculino","Branco",26,"Superior",4143,"Não",1.39,3.52,3.51,2.57,2.53
37,"Feminino","Pardo",23,"Superior",3857,"Não",0.74,3.27,2.88,3.91,4.48
38,"Feminino","Pardo",20,"Pós-graduação",3739,"Sim",2.6,3.24,1.16,3.31,2.64
39,"Masculino","Negro",28,"Médio",2828,"Sim",0.28,2.09,2.15,3.74,2.14
40,"Feminino","Negro",19,"Médio",2906,"Não",2.75,1.58,1.34,3.36,1.09
41,"Feminino","Pardo",17,"Superior",1871,"Não",1.22,0.61,4.23,3.01,3.77
42,"Feminino","Pardo",15,"Médio",7250,"Não",3.31,1.58,4.87,4.32,1.72
43,"Feminino","Negro",25,"Médio",5063,"Sim",1.49,1.28,5.79,2.37,3.45
44,"Masculino","Negro",21,"Superior",3823,"Sim",1.21,0.87,5.55,1.5,3.31
45,"Feminino","Branco",22,"Superior",4803,"Sim",1.68,2.38,2.37,4.82,0.58
46,"Masculino","Pardo",23,"Pós-graduação",2871,"Sim",2.7,1.67,1.82,2.52,3.02
47,"Masculino","Negro",21,"Superior",4177,"Não",0.2,2.5,2.51,3.75,2.98
48,"Masculino","Negro",17,"Médio",3277,"Não",1.4,1.4,4.6,2.49,3.64
49,"Masculino","Negro",16,"Superior",3960,"Não",1.89,3.95,2.11,3.06,2.04
50,"Masculino","Negro",21,"Médio",3749,"Sim",1.77,4.43,2.42,3.33,4.1
51,"Feminino","Negro",23,"Superior",2815,"Sim",1.74,3.45,2.38,0.92,3.89
52,"Feminino","Negro",15,"Pós-graduação",4476,"Sim",1.39,2.01,2.89,3.13,5.13
53,"Feminino","Negro",23,"Médio",4561,"Não",0.74,2.68,3.93,1.86,4.29
54,"Masculino","Negro",24,"Médio",2722,"Não",3.94,0.84,1.54,4.7,2.1
55,"Feminino","Negro",27,"Médio",2902,"Não",0.49,0.9,3.18,3.48,2.97
56,"Masculino","Outro",23,"Médio",4065,"Sim",2.44,1.7,1.27,4.02,2.38
57,"Masculino","Pardo",23,"Pós-graduação",2114,"Sim",0.76,3.62,4.34,2.52,1.51
58,"Feminino","Outro",24,"Pós-graduação",3679,"Sim",0.05,1.9,4.15,2.88,1.14
59,"Feminino","Branco",22,"Médio",2812,"Sim",1.77,2.93,3.49,3.13,2.89
60,"Feminino","Negro",22,"Médio",2444,"Não",3.34,2.06,2.95,3.18,1.78
61,"Masculino","Negro",23,"Médio",2561,"Não",2.15,1.79,4.33,1.84,3.22
62,"Masculino","Branco",25,"Superior",1640,"Sim",0.34,2.28,3.88,2.57,3.67
63,"Masculino","Branco",21,"Pós-graduação",2704,"Sim",1.12,1.98,1.91,1.58,4.07
64,"Feminino","Pardo",21,"Superior",3178,"Não",1.05,3.41,5.97,4.27,2.66
65,"Masculino","Negro",20,"Pós-graduação",4496,"Não",0.73,0.91,2.5,2.57,3.95
66,"Feminino","Negro",19,"Médio",2255,"Sim",2.47,2.2,2.07,3.5,3.98
67,"Feminino","Negro",24,"Superior",5346,"Não",3.63,2.08,3.68,2.65,3.26
68,"Masculino","Negro",27,"Superior",4232,"Não",0.49,1.98,3.49,3.57,2.38
69,"Masculino","Negro",19,"Pós-graduação",2599,"Não",2.31,1.52,3.37,3.17,3.81
70,"Feminino","Negro",22,"Superior",6326,"Não",0.8,2.75,1.63,3.85,1.13
71,"Feminino","Negro",19,"Médio",1809,"Não",2.53,0.77,3.3,3.71,4.17
72,"Feminino","Branco",25,"Superior",4976,"Não",1.83,2.78,3.63,3.28,4.08
73,"Feminino","Negro",21,"Pós-graduação",1948,"Não",1.42,0.13,5.67,2.4,2.79
74,"Feminino","Pardo",23,"Superior",4267,"Sim",2.22,3.5,2.34,2.35,3.14
75,"Feminino","Pardo",24,"Superior",3633,"Não",3.42,2.73,4.01,3.36,1.24
76,"Masculino","Branco",19,"Médio",2791,"Não",2.78,2.15,2.26,2,2.25
77,"Feminino","Pardo",22,"Fundamental",2413,"Sim",1.49,-0.09,3.53,3.96,2.47
78,"Feminino","Branco",22,"Superior",3802,"Sim",2.25,2.02,2.14,3.43,4.67
79,"Feminino","Branco",25,"Superior",3514,"Não",0.77,1.44,1,3.29,1.48
80,"Feminino","Negro",19,"Superior",4177,"Sim",1.99,3.15,0.66,2.87,1.98
81,"Feminino","Negro",19,"Médio",4203,"Não",2.42,0.63,4.15,3.77,3.15
82,"Feminino","Branco",25,"Superior",5173,"Não",2.02,0.65,3.28,3.11,3.14
83,"Feminino","Negro",21,"Médio",5354,"Sim",1.17,1.9,3.62,2.66,2.69
84,"Masculino","Negro",20,"Médio",2222,"Não",1.61,2.05,0.93,2.47,2.94
85,"Masculino","Branco",23,"Superior",5397,"Não",1.18,1.54,3.04,2.68,3.64
86,"Feminino","Negro",21,"Médio",3380,"Sim",2,1.93,3.31,3.69,2.6
87,"Feminino","Negro",28,"Médio",4060,"Sim",1.4,1.86,5.02,3.01,3.93
88,"Feminino","Pardo",23,"Médio",3869,"Sim",1.47,1.63,2.43,2.31,3.64
89,"Feminino","Negro",23,"Médio",3621,"Não",1.14,1.49,4.08,2.58,4.56
90,"Feminino","Branco",25,"Superior",2924,"Não",2.5,1.96,3.17,0.5,2.65
91,"Masculino","Negro",22,"Superior",3025,"Não",1.92,2.97,4.22,3.08,1.91
92,"Feminino","Branco",23,"Médio",5334,"Sim",0.89,3.78,3.38,3.77,3.12
93,"Feminino","Negro",19,"Pós-graduação",6660,"Não",1.85,3.02,3.37,1.66,3.78
94,"Masculino","Negro",15,"Pós-graduação",4751,"Sim",1.21,2.14,3.02,2.9,4.22
95,"Masculino","Negro",19,"Superior",4675,"Não",1.73,1.02,3.3,2.31,4.75
96,"Masculino","Pardo",23,"Superior",3362,"Sim",3.14,2.92,3.29,2.01,1.05
97,"Feminino","Negro",19,"Médio",2099,"Não",0.82,3.42,3.01,2.89,2.53
98,"Feminino","Pardo",25,"Médio",3611,"Sim",1.83,1.93,3.04,2.06,4.15
99,"Masculino","Pardo",25,"Superior",3624,"Não",0.51,1.93,4.14,2.72,1.97
100,"Masculino","Negro",23,"Pós-graduação",3676,"Não",2.14,3.22,3,4.12,2.56
101,"Masculino","Negro",22,"Superior",3484,"Não",0.5,2.27,2.28,1.1,1.74
102,"Feminino","Negro",18,"Médio",5183,"Sim",0.29,4.14,3.1,2.13,2.12
103,"Feminino","Negro",22,"Superior",5410,"Sim",2.1,2.05,1.81,2.37,2.22
104,"Feminino","Negro",21,"Pós-graduação",4703,"Não",1.05,0.65,5.09,4.05,2.11
105,"Masculino","Negro",25,"Superior",2617,"Não",0.07,3.05,5.95,3.68,3.43
106,"Masculino","Negro",27,"Pós-graduação",3655,"Não",0.59,2.43,3.17,2.74,0.89
107,"Masculino","Negro",24,"Médio",5270,"Sim",2.51,1.86,3.21,1.57,2.89
108,"Masculino","Negro",19,"Superior",4281,"Não",1.79,0.97,2.12,3.08,4.28
109,"Feminino","Pardo",28,"Superior",2671,"Não",1.82,2.89,3.54,2.9,1.61
110,"Feminino","Negro",26,"Médio",3137,"Sim",2.36,2.63,4.28,3.3,3.34
111,"Feminino","Branco",23,"Superior",2287,"Não",1.81,2.34,4.06,2.8,1.79
112,"Masculino","Branco",15,"Superior",4558,"Não",-0.9,3.5,3.19,1.4,2.62
113,"Masculino","Branco",19,"Médio",2848,"Não",1.67,1.14,4.58,2.51,3.05
114,"Feminino","Pardo",22,"Superior",4711,"Não",0.53,2.29,5.14,4.3,3.83
115,"Feminino","Negro",25,"Superior",5154,"Sim",0.9,1.88,2.86,1.13,3.12
116,"Feminino","Negro",19,"Pós-graduação",4632,"Sim",0.35,2.56,3.67,2.95,2.22
117,"Feminino","Negro",33,"Superior",3017,"Não",1.95,2.5,4.47,4.39,3.62
118,"Feminino","Negro",14,"Médio",2202,"Sim",3.48,1.99,2.88,2.35,1.38
119,"Feminino","Branco",22,"Superior",2559,"Sim",2.04,0.75,3.35,3.3,3.6
120,"Masculino","Negro",22,"Médio",3625,"Sim",3.2,2.14,1.98,2.32,1.97
121,"Feminino","Negro",20,"Pós-graduação",3086,"Sim",1.46,3.43,2.23,3.21,1.8
122,"Feminino","Negro",21,"Médio",4849,"Sim",1.22,0.33,0.57,1.47,3
123,"Feminino","Outro",25,"Superior",3518,"Não",2.28,1.62,2.44,2.18,0.96
124,"Feminino","Negro",20,"Superior",912,"Sim",0.65,2.55,2.62,3.87,2.24
125,"Masculino","Negro",16,"Superior",4558,"Não",0.59,1.12,4.37,5.09,2.12
126,"Feminino","Negro",23,"Superior",5770,"Sim",-0.72,1.18,2,2.37,1.83
127,"Masculino","Negro",22,"Superior",2895,"Sim",-0.13,1.19,3.11,3.17,3.08
128,"Masculino","Negro",22,"Médio",3940,"Sim",1.3,1.4,2.74,4.01,3
129,"Feminino","Negro",25,"Médio",3198,"Sim",1.75,2.42,2.78,2.58,3.41
130,"Masculino","Negro",22,"Médio",2127,"Não",1.37,3.9,3.35,2.95,4.54
131,"Masculino","Negro",25,"Superior",2901,"Não",0.13,2.6,4.85,3.56,2.75
132,"Feminino","Negro",16,"Superior",3314,"Sim",0.73,1.37,1.93,0.42,4.79
133,"Masculino","Branco",19,"Superior",3034,"Não",1.02,1.6,3.94,3.43,1.17
134,"Masculino","Negro",24,"Médio",3858,"Não",2.37,1.12,2.44,1.93,1.28
135,"Masculino","Branco",21,"Superior",1852,"Não",1.9,1.45,1.96,2.91,1.95
136,"Feminino","Pardo",26,"Superior",4696,"Não",0.99,1.48,4.13,2.48,2.65
137,"Masculino","Negro",19,"Pós-graduação",2395,"Sim",0.36,3.37,1.79,2.72,2.81
138,"Feminino","Branco",25,"Superior",3264,"Não",1.52,2.68,2.15,3.72,4.46
139,"Masculino","Branco",20,"Pós-graduação",4059,"Não",0.23,0.55,4.31,3.12,2.47
140,"Masculino","Negro",19,"Médio",4475,"Não",1.12,2.84,3.08,2.29,3.89
141,"Feminino","Negro",21,"Superior",1649,"Não",1.4,3.25,4.94,2.91,3.06
142,"Feminino","Negro",23,"Superior",2389,"Não",2.63,1.89,6.18,3.7,3.73
143,"Feminino","Negro",19,"Médio",3242,"Sim",2.37,3.32,3.42,3.33,3.97
144,"Masculino","Negro",20,"Médio",1916,"Sim",1.81,2.41,4.04,1.34,1.16
145,"Masculino","Negro",19,"Superior",3748,"Não",1.48,2.68,3.32,-0.16,3.5
146,"Masculino","Pardo",26,"Médio",3223,"Não",1.26,1.81,2.58,3.18,2.47
147,"Feminino","Negro",25,"Fundamental",5947,"Sim",2.13,3.4,2.41,2.44,2.46
148,"Masculino","Negro",19,"Superior",1630,"Sim",0.53,2.15,4.38,3.21,1.88
149,"Feminino","Branco",24,"Médio",3185,"Não",1.37,1.86,4,3.11,2.56
150,"Feminino","Negro",22,"Médio",1982,"Não",2.63,2.52,3.72,2.33,1.63
151,"Masculino","Negro",19,"Superior",2458,"Não",1,2,4.18,3.17,2.12
152,"Feminino","Branco",24,"Superior",5288,"Sim",0.43,1.87,1.95,3.38,2.91
153,"Masculino","Negro",21,"Superior",1770,"Não",1.65,2.75,1.99,3.76,2.66
154,"Feminino","Negro",25,"Médio",5061,"Sim",1.89,1.92,3.37,2.9,3.61
155,"Masculino","Pardo",22,"Superior",3040,"Sim",3.02,1.72,3.79,1.93,0.76
156,"Masculino","Negro",26,"Superior",4296,"Sim",0.92,1.61,4.47,2.6,3.69
157,"Feminino","Pardo",21,"Médio",2169,"Não",1.23,0.85,4.82,1.56,3.34
158,"Feminino","Outro",23,"Superior",4568,"Não",2.64,3.55,3.4,2.94,1.66
159,"Feminino","Branco",24,"Médio",4820,"Sim",1.44,1.51,1.99,1.37,2.43
160,"Masculino","Negro",23,"Pós-graduação",1777,"Não",1.89,1.76,1.88,4.92,2.58
161,"Masculino","Negro",23,"Superior",4720,"Não",2.03,2.18,2.14,0.92,2.86
162,"Feminino","Negro",22,"Médio",3195,"Não",2.68,1.52,4.73,2.68,1.87
163,"Feminino","Pardo",22,"Superior",5214,"Não",2.38,0.29,3.64,4.82,1.75
164,"Feminino","Negro",27,"Superior",2833,"Não",1.62,2.5,4.84,1.71,4.6
165,"Feminino","Negro",25,"Pós-graduação",3776,"Sim",0.62,2.57,2.45,1.95,2.01
166,"Feminino","Negro",21,"Pós-graduação",2701,"Não",1.59,1.88,3.14,0.74,2.1
167,"Feminino","Negro",27,"Superior",4032,"Não",2.24,1.61,3.9,1.28,2.94
168,"Feminino","Pardo",23,"Fundamental",4826,"Não",2.67,1.38,3.59,1.76,3.86
169,"Feminino","Pardo",20,"Pós-graduação",4361,"Sim",2.18,3.86,1.91,1.21,1.98
170,"Feminino","Negro",23,"Superior",2229,"Não",0.43,1.83,1.57,3.18,3.16
171,"Masculino","Pardo",22,"Médio",4967,"Não",1.75,2.07,0.51,4.27,4.03
172,"Feminino","Negro",23,"Pós-graduação",2928,"Sim",0.74,2.2,3.92,1.95,3.05
173,"Feminino","Branco",19,"Pós-graduação",3796,"Sim",1.27,1.89,3.86,1.67,2.71
174,"Feminino","Negro",20,"Médio",5075,"Não",0.77,4.25,3.19,3.97,3.22
175,"Feminino","Negro",27,"Pós-graduação",3896,"Não",3.02,2.09,5.44,1.33,3
176,"Feminino","Pardo",26,"Superior",2974,"Não",1.5,1.12,3.5,3.15,1.94
177,"Masculino","Negro",20,"Pós-graduação",4026,"Não",3.14,2.38,2.65,3.57,3.19
178,"Feminino","Pardo",20,"Pós-graduação",2985,"Não",0.26,3.09,4.49,4.85,2.07
179,"Masculino","Branco",28,"Pós-graduação",3181,"Sim",1.02,1.18,4.3,3.27,4.73
180,"Masculino","Branco",29,"Superior",5710,"Sim",2.29,3.6,2.42,1.97,2.05
181,"Masculino","Branco",20,"Médio",4891,"Não",1.22,2.35,3.28,4.15,4.43
182,"Masculino","Pardo",18,"Médio",3736,"Não",3.24,1.94,4.18,1.18,3.31
183,"Feminino","Negro",31,"Médio",1905,"Não",1.13,2.88,4.25,3.35,3.46
184,"Feminino","Negro",23,"Pós-graduação",5600,"Não",-0.08,0.84,3.05,2.89,2.91
185,"Masculino","Negro",23,"Superior",4570,"Sim",1.58,3.43,1.79,0.49,1.57
186,"Masculino","Pardo",23,"Médio",1910,"Não",1.33,1.57,5.03,2.73,2.87
187,"Masculino","Branco",27,"Superior",4600,"Sim",1.54,1.3,3.35,3.2,2.69
188,"Masculino","Negro",22,"Médio",4388,"Não",0.99,1.63,2.69,2.82,5.15
189,"Feminino","Negro",27,"Superior",4300,"Não",1.1,2.13,2.86,4.34,3.27
190,"Feminino","Branco",22,"Pós-graduação",4190,"Não",1.02,1.25,2.72,2.35,2.79
191,"Feminino","Negro",24,"Superior",4215,"Não",1.32,-0.15,1.32,1.41,2.98
192,"Masculino","Negro",19,"Médio",4092,"Sim",0.73,2.23,3.01,2.52,4.87
193,"Feminino","Pardo",23,"Superior",4677,"Não",2.54,2.87,4.29,2.97,1.37
194,"Feminino","Negro",26,"Médio",2783,"Não",0.95,1.91,5.71,0.43,2.82
195,"Feminino","Negro",22,"Médio",3748,"Sim",2.67,2.46,2.61,2.42,3.04
196,"Feminino","Branco",27,"Médio",3691,"Sim",0.49,2.79,2.99,3.44,3.17
197,"Feminino","Branco",31,"Superior",3628,"Sim",2.32,1.23,3.92,2.71,4.21
198,"Feminino","Negro",26,"Superior",2421,"Sim",1.17,3.63,3.02,3.39,2.22
199,"Masculino","Negro",22,"Médio",3819,"Não",1.76,1.37,2.61,4.34,0.96
200,"Masculino","Negro",23,"Médio",3251,"Sim",2.26,2.15,2.83,0.98,2.4
201,"Masculino","Negro",21,"Pós-graduação",4255,"Não",0.92,3.74,3.45,4.22,2.15
202,"Feminino","Negro",29,"Pós-graduação",3650,"Sim",1.84,2.31,0.73,3.52,1.08
203,"Masculino","Pardo",13,"Superior",2634,"Não",1.61,2.07,2.49,4.19,3.09
204,"Feminino","Negro",23,"Superior",4227,"Não",0.76,1.08,3.34,3.47,3.03
205,"Feminino","Negro",23,"Pós-graduação",4084,"Não",2.11,1.06,3.75,2.89,2
206,"Feminino","Negro",23,"Superior",2892,"Não",-0.19,1.61,2.12,4.7,4.94
207,"Masculino","Negro",18,"Superior",3079,"Sim",2.89,1.71,2.54,2.59,4.29
208,"Feminino","Negro",23,"Superior",6053,"Não",2.61,3.6,1.34,0.8,2.31
209,"Feminino","Negro",23,"Médio",3653,"Sim",1.49,1.59,3.71,2.85,4.17
210,"Feminino","Pardo",27,"Médio",2910,"Sim",1.3,1.07,3.9,0.86,1.78
211,"Feminino","Pardo",24,"Pós-graduação",2804,"Sim",1.93,2.74,3.12,4.2,3.04
212,"Masculino","Branco",26,"Superior",4224,"Não",1.26,2.24,3.23,1.36,5.06
213,"Feminino","Branco",19,"Médio",3958,"Sim",1.49,2.2,0.44,4,3.78
214,"Feminino","Outro",22,"Superior",4210,"Não",1.83,3.45,4.75,2.08,2.53
215,"Feminino","Negro",23,"Pós-graduação",3118,"Não",1.57,3.02,2.87,2.44,0.84
216,"Masculino","Negro",23,"Médio",2800,"Não",3.02,3.16,2.54,4.29,3.59
217,"Feminino","Negro",20,"Superior",1611,"Sim",1.38,1.88,3.22,3.28,2.11
218,"Feminino","Branco",27,"Superior",4282,"Não",0.95,1.95,3.86,1.43,4.5
219,"Feminino","Outro",21,"Médio",5891,"Sim",0.74,2.02,4.93,2.62,4.15
220,"Masculino","Outro",17,"Médio",1346,"Não",1.2,1.36,3.63,2.47,3.23
221,"Feminino","Negro",24,"Pós-graduação",4266,"Sim",0.87,1.03,1.96,1.91,4.24
222,"Feminino","Branco",25,"Médio",1847,"Sim",2.41,2.45,3.11,3.44,1.44
223,"Feminino","Pardo",26,"Superior",3046,"Não",1.85,1.94,3.32,5.44,4.96
224,"Masculino","Negro",19,"Pós-graduação",3338,"Sim",1.57,2.1,3.38,1.7,4.44
225,"Feminino","Negro",22,"Pós-graduação",3813,"Sim",1.67,3.16,4.28,2.59,4.07
226,"Masculino","Negro",18,"Médio",3040,"Sim",0.92,1.48,3.1,5.48,3.34
227,"Feminino","Negro",25,"Superior",4314,"Não",3.53,3.87,2.34,3.01,2.13
228,"Feminino","Negro",24,"Superior",2990,"Sim",2.3,1.7,4.73,2.46,2.44
229,"Feminino","Pardo",25,"Superior",3737,"Sim",2.28,2.8,6.22,2.8,2.52
230,"Feminino","Pardo",24,"Médio",4677,"Sim",1.79,1.08,2.87,1.13,4.19
231,"Feminino","Pardo",21,"Fundamental",4669,"Não",1.78,2.35,4.23,2.66,1.07
232,"Feminino","Branco",23,"Médio",3736,"Não",2.19,1.41,4.39,1.72,2.59
233,"Feminino","Negro",16,"Médio",4447,"Não",2,1.44,4.21,1.55,3.44
234,"Feminino","Negro",24,"Pós-graduação",4873,"Não",2.27,0.97,2.75,3.02,1.29
235,"Masculino","Negro",26,"Médio",3012,"Não",1.29,2.08,3.93,2.06,2.39
236,"Masculino","Negro",20,"Médio",2239,"Não",2.67,2.78,4.55,3.31,4.4
237,"Feminino","Branco",16,"Pós-graduação",2411,"Sim",0.47,1.95,6.49,3.25,3.06
238,"Masculino","Negro",18,"Superior",3345,"Sim",3.11,1.86,3.64,3.17,3.96
239,"Feminino","Negro",19,"Superior",5128,"Sim",1.58,1.72,3.28,2.93,2.83
240,"Feminino","Negro",26,"Médio",3255,"Não",1.82,2.72,2.16,3.32,3.78
241,"Feminino","Negro",23,"Médio",2624,"Não",1.6,3.05,3.21,1.69,3.43
242,"Feminino","Branco",19,"Superior",4084,"Sim",0.98,0.13,3.98,1.52,3.92
243,"Feminino","Negro",24,"Superior",3051,"Não",1.28,1.65,3.93,2.01,2.93
244,"Feminino","Negro",16,"Superior",5739,"Sim",2.86,2.89,2.2,3.94,1.94
245,"Feminino","Branco",22,"Superior",4758,"Sim",3.31,3.49,3.21,2.76,1.61
246,"Feminino","Negro",26,"Médio",3272,"Sim",0.8,2.62,2.01,2.64,3.62
247,"Feminino","Negro",21,"Médio",1279,"Não",1.93,1.98,3.65,2.58,2.5
248,"Feminino","Negro",27,"Superior",5394,"Sim",1.22,2.65,3.3,2.9,2.12
249,"Feminino","Negro",28,"Superior",2240,"Não",1.72,2.3,4.54,3.32,3.55
250,"Masculino","Negro",19,"Pós-graduação",3212,"Não",1.93,2.57,3.37,2.83,3.27
251,"Feminino","Branco",19,"Superior",4086,"Sim",1.24,2.52,4.31,3.78,1.8
252,"Feminino","Negro",20,"Superior",4650,"Não",1.88,3.45,3.85,4.06,1.31
253,"Feminino","Branco",24,"Médio",3570,"Não",2.98,2.42,2.27,3.88,1.5
254,"Feminino","Branco",25,"Superior",3881,"Não",0.79,1.74,1.56,2.98,4.32
255,"Feminino","Branco",26,"Pós-graduação",3142,"Não",1.33,3.02,3.16,4.21,3.33
256,"Masculino","Branco",27,"Superior",1223,"Sim",1.89,1.38,5.61,2.96,2.64
257,"Feminino","Branco",26,"Médio",4247,"Não",1.95,1.83,4.04,3.02,3.4
258,"Feminino","Negro",26,"Superior",3345,"Não",1.7,-0.06,3.78,2.93,2.81
259,"Feminino","Branco",23,"Pós-graduação",5107,"Sim",1.93,2.27,3.9,3.53,1.47
260,"Masculino","Negro",20,"Médio",5157,"Não",1.52,2.67,4.62,2.17,3.73
261,"Masculino","Pardo",20,"Médio",3619,"Não",1.8,0.55,5.06,2,3.8
262,"Feminino","Negro",24,"Superior",1641,"Não",1.6,4.39,4.26,4.43,1.63
263,"Feminino","Pardo",28,"Médio",3552,"Sim",2.38,1.26,4.62,1.44,4.24
264,"Masculino","Negro",28,"Médio",3078,"Não",2.22,0.94,4.34,4.09,2.76
265,"Feminino","Negro",16,"Médio",2671,"Sim",1.63,1.8,4.74,1.19,2.18
266,"Feminino","Branco",20,"Superior",3593,"Não",2.7,2.37,4.47,4.61,5.99
267,"Masculino","Negro",27,"Superior",3327,"Sim",1.79,1.7,1.44,2.74,2.74
268,"Feminino","Negro",19,"Médio",3924,"Sim",2.11,2.55,2.37,5.22,1.29
269,"Masculino","Negro",17,"Superior",3143,"Não",1.83,1.3,2.94,3.14,2.99
270,"Masculino","Branco",24,"Médio",4166,"Sim",1.16,2.76,3.18,2.19,3.48
271,"Feminino","Negro",28,"Médio",3117,"Sim",2.24,2.21,5.36,3.68,3.96
272,"Masculino","Negro",29,"Médio",2570,"Não",0.17,3.8,3.63,3.06,3.26
273,"Feminino","Negro",24,"Superior",4065,"Não",0.88,2.44,4.37,3.51,2.79
274,"Feminino","Negro",25,"Superior",5357,"Não",2.15,2.06,2.9,3.05,2.35
275,"Masculino","Negro",24,"Superior",-538,"Não",2.64,2.22,3.41,4.19,3.48
276,"Feminino","Branco",22,"Superior",1342,"Não",0.44,2.6,3,3.76,2.24
277,"Feminino","Negro",12,"Médio",1948,"Não",2.6,1.37,3.03,2.4,3.76
278,"Feminino","Negro",25,"Fundamental",4257,"Não",0.58,1.19,5.17,3.04,2.54
279,"Feminino","Negro",21,"Superior",4945,"Não",1.17,2.87,3.54,4.44,0.91
280,"Feminino","Negro",26,"Pós-graduação",2764,"Não",0.59,2.18,3.6,3,3.69
281,"Feminino","Branco",20,"Superior",5784,"Não",1.5,0.77,3.15,4.04,2.64
282,"Feminino","Negro",17,"Médio",4116,"Sim",1.69,1.23,2.54,3.91,2.92
283,"Feminino","Negro",26,"Pós-graduação",4302,"Não",1.98,2.19,2.98,3.04,4.43
284,"Masculino","Pardo",23,"Pós-graduação",3616,"Sim",1.31,3.16,1.86,3.63,2.73
285,"Feminino","Negro",34,"Superior",4218,"Sim",1.63,2.27,3.18,2.25,3.12
286,"Feminino","Negro",25,"Superior",4312,"Não",1.89,2.09,2.37,2.75,3.04
287,"Feminino","Pardo",26,"Superior",2829,"Não",0.87,1.68,4.51,4.74,4.36
288,"Feminino","Branco",25,"Médio",2513,"Sim",1.09,1.45,4.86,3.05,2.61
289,"Feminino","Negro",21,"Médio",2748,"Não",2.75,1.52,1.91,4.05,2.14
290,"Feminino","Pardo",21,"Superior",2328,"Não",-0.71,2.5,1.78,2.38,2.2
291,"Masculino","Pardo",26,"Médio",3535,"Sim",2.41,1.57,2.67,0.42,0.91
292,"Masculino","Negro",26,"Superior",5381,"Não",2.5,2.27,3.13,1.9,1.12
293,"Feminino","Negro",24,"Médio",3612,"Não",2.73,1.83,3.34,2.56,4.14
294,"Feminino","Negro",19,"Médio",2928,"Sim",1.33,2.24,4.08,1.58,2.85
295,"Feminino","Negro",28,"Superior",3999,"Não",2.32,3.02,2.08,3.64,2.97
296,"Feminino","Negro",18,"Médio",3031,"Não",1.82,2.82,3.47,2.79,3.12
297,"Masculino","Negro",21,"Superior",5080,"Não",1.14,2.06,2.5,1.83,4.04
298,"Feminino","Pardo",30,"Superior",2844,"Não",2.09,1.21,2.54,3.88,2.64
299,"Feminino","Negro",24,"Superior",3895,"Não",1.95,2.62,3.8,2.47,2.74
300,"Feminino","Pardo",26,"Superior",2610,"Não",1.34,2.22,3.34,1.64,3.79
301,"Feminino","Negro",24,"Médio",2153,"Sim",1.28,1.19,3.98,2.69,3.97
302,"Feminino","Negro",19,"Pós-graduação",1963,"Sim",1.44,3,2.29,2.96,3.83
303,"Feminino","Negro",21,"Médio",3634,"Não",2.05,2.89,3.3,5.18,1.8
304,"Feminino","Negro",23,"Fundamental",2464,"Não",1.61,1.48,3,3.07,3.09
305,"Masculino","Branco",13,"Superior",4040,"Não",0.57,4.51,4.33,2.43,2.48
306,"Masculino","Negro",20,"Médio",3885,"Sim",1.9,-0.73,3.17,1.81,2.47
307,"Feminino","Pardo",25,"Médio",5309,"Não",1.36,2.68,2.32,2.96,3.17
308,"Feminino","Negro",22,"Superior",3423,"Não",2.26,1.67,3.99,2.47,4.37
309,"Feminino","Negro",22,"Médio",2565,"Sim",0.68,2.27,3.78,3.63,1.27
310,"Feminino","Negro",25,"Superior",5912,"Não",0.12,1.16,4.1,3.07,2.1
311,"Feminino","Negro",21,"Superior",4544,"Não",1.25,1.88,3.39,4.26,2.88
312,"Masculino","Negro",25,"Médio",3770,"Não",1.14,1.55,2.28,3.02,2.54
313,"Feminino","Pardo",18,"Médio",2436,"Não",2.19,2.55,1.57,1.41,3.71
314,"Feminino","Negro",19,"Superior",3138,"Sim",0.15,2.51,4.41,1.92,2.71
315,"Feminino","Negro",17,"Pós-graduação",5614,"Não",0.8,2.76,4.23,2.78,2.45
316,"Masculino","Branco",23,"Superior",2627,"Não",1.55,2.46,3.24,3.4,4.24
317,"Feminino","Negro",22,"Médio",4029,"Não",1.06,2.02,0.57,5.25,3.79
318,"Masculino","Pardo",27,"Pós-graduação",4018,"Não",1.5,2.01,3.09,3.47,1.94
319,"Masculino","Negro",22,"Pós-graduação",4032,"Sim",0.69,3.78,4.1,3.39,1.21
320,"Masculino","Negro",27,"Fundamental",3824,"Sim",0.99,2.87,2.66,1.53,3.12
321,"Feminino","Negro",29,"Médio",3137,"Não",0.91,2.05,3.54,3.16,5.18
322,"Feminino","Negro",21,"Superior",4129,"Sim",0.25,3.45,2.06,1.49,2.43
323,"Feminino","Negro",24,"Pós-graduação",2806,"Não",1.96,2.51,3.76,2.22,1.58
324,"Feminino","Negro",20,"Superior",4221,"Não",1.22,2.01,1.74,3.66,1.88
325,"Feminino","Negro",25,"Médio",3304,"Sim",1.21,1.18,2.59,3.75,1.64
326,"Masculino","Outro",19,"Médio",4442,"Não",2.54,2.41,4.56,2.39,2.57
327,"Feminino","Pardo",19,"Pós-graduação",2332,"Não",2.18,2.57,2.96,2.24,3.82
328,"Masculino","Outro",23,"Médio",3114,"Não",1.1,1.52,4.76,2.53,3.2
329,"Masculino","Negro",23,"Superior",4524,"Não",2.35,1.2,3.6,4.69,3.87
330,"Masculino","Negro",23,"Médio",4911,"Sim",1.35,0.9,4.56,0.1,4.01
331,"Masculino","Negro",23,"Superior",3799,"Sim",1.31,1.31,3.13,2.67,3.13
332,"Feminino","Negro",21,"Superior",3250,"Não",1.78,3.06,3.95,3.91,3.24
333,"Feminino","Negro",22,"Pós-graduação",4258,"Não",1.76,2.52,3.79,2.64,1.98
334,"Feminino","Pardo",28,"Pós-graduação",4000,"Não",1.56,1.27,2.78,1.62,3.53
335,"Masculino","Branco",22,"Fundamental",5014,"Não",1.45,0.68,4.96,3.45,2.98
336,"Feminino","Negro",18,"Médio",6021,"Sim",1.97,-0.41,4.18,3.68,2.16
337,"Feminino","Negro",20,"Superior",3746,"Não",2.45,1.26,2.29,1.57,2.58
338,"Feminino","Pardo",19,"Médio",5232,"Sim",1.33,2.53,4.51,2.49,3.1
339,"Masculino","Negro",20,"Pós-graduação",4211,"Não",2.81,1.02,2.67,3.46,5.2
340,"Feminino","Negro",18,"Médio",4335,"Sim",0.98,2.37,0.32,2.03,4.12
341,"Feminino","Branco",14,"Superior",4107,"Não",3.25,3.66,2.96,2.76,2.03
342,"Feminino","Branco",25,"Superior",2685,"Não",2.31,0.15,2.18,2.56,3.52
343,"Masculino","Negro",25,"Pós-graduação",3764,"Sim",1.36,1.99,2.75,2.63,2.06
344,"Feminino","Negro",22,"Médio",2673,"Não",-0.05,1.22,2.54,2.63,3.45
345,"Feminino","Pardo",20,"Superior",4335,"Não",1.33,2.96,0.51,4.09,1.71
346,"Feminino","Outro",20,"Médio",2185,"Não",1.37,2.1,2.65,3.9,1.54
347,"Masculino","Negro",24,"Médio",5153,"Não",2.81,2.42,4.26,3.27,3.07
348,"Feminino","Pardo",23,"Superior",4934,"Sim",1.95,2.26,1.35,2.59,3.77
349,"Masculino","Negro",24,"Superior",4999,"Não",0.19,2.31,4.8,1.14,2.02
350,"Masculino","Negro",23,"Médio",4058,"Não",1.87,2.4,4.88,1.87,3.8
351,"Feminino","Branco",24,"Superior",2742,"Sim",0.9,1.22,2.16,3.91,4.08
352,"Feminino","Negro",24,"Superior",3072,"Não",0.29,3.25,5.72,1.9,3.52
353,"Feminino","Pardo",24,"Médio",3017,"Sim",2.39,3.48,1.99,2.49,3.96
354,"Feminino","Branco",24,"Pós-graduação",2038,"Sim",2.13,1.96,3.36,3.89,3.01
355,"Masculino","Negro",28,"Pós-graduação",1825,"Não",1.33,1.94,2.77,1.5,4.56
356,"Feminino","Negro",19,"Superior",5185,"Sim",2.8,0.44,4.59,4.54,3.8
357,"Masculino","Negro",27,"Superior",2765,"Não",1.4,2.25,1.82,2.69,3.1
358,"Masculino","Negro",21,"Superior",4474,"Não",0.3,0.07,2.69,0.39,2.34
359,"Feminino","Pardo",22,"Superior",1614,"Sim",2.38,1.92,1.56,1.77,3.07
360,"Feminino","Negro",23,"Superior",5084,"Não",1.11,0.76,4.12,2.52,4.07
361,"Feminino","Negro",21,"Superior",3043,"Não",1.76,1.37,3.83,4.19,3.53
362,"Masculino","Negro",14,"Médio",5553,"Não",0.91,1.95,3.06,3.87,2.25
363,"Feminino","Branco",21,"Superior",1337,"Não",0.61,2.57,2.32,3.51,2.12
364,"Masculino","Pardo",23,"Superior",1686,"Não",2,3.36,2.13,3.21,3.41
365,"Masculino","Negro",17,"Médio",2736,"Não",0.93,1.72,3.3,2.7,1.97
366,"Feminino","Negro",24,"Superior",2198,"Não",1.22,1.91,1.66,2.29,4.2
367,"Masculino","Branco",21,"Médio",5091,"Não",2.23,1.89,5.46,1.7,2.86
368,"Masculino","Negro",27,"Superior",4212,"Sim",-0.4,1.66,1.99,3.81,3.08
369,"Feminino","Negro",23,"Médio",3296,"Sim",0.9,1.82,3.12,2.91,0.83
370,"Feminino","Negro",20,"Pós-graduação",2738,"Não",2.87,2.74,2.54,3.78,4.14
371,"Feminino","Pardo",23,"Médio",3531,"Sim",1.65,3.68,2.91,5.11,2.55
372,"Feminino","Negro",23,"Médio",3333,"Não",0.3,3.51,3.11,3.23,3.69
373,"Masculino","Branco",25,"Superior",3995,"Não",1.61,2,3.8,2.65,0.95
374,"Feminino","Pardo",22,"Médio",4435,"Sim",1.69,2.63,2.29,3.81,3.41
375,"Masculino","Negro",16,"Superior",3309,"Sim",1.03,1.57,2.13,2.36,3.24
376,"Masculino","Negro",18,"Superior",4666,"Não",1.1,0.74,4.07,3.24,1.39
377,"Feminino","Negro",20,"Médio",5417,"Sim",1.62,2.57,5.41,4.7,3.06
378,"Feminino","Negro",24,"Superior",4346,"Sim",2.32,2.43,3.99,2.19,1.69
379,"Feminino","Outro",22,"Superior",5002,"Sim",0.98,3.54,3.69,1.86,2.08
380,"Masculino","Negro",21,"Superior",4305,"Não",2.22,1.94,3.41,1.73,3.5
381,"Feminino","Branco",20,"Superior",4650,"Não",0.16,0.56,3.28,4.04,2.8
382,"Feminino","Branco",23,"Médio",2756,"Sim",3.24,2.36,1.08,3.4,2.66
383,"Feminino","Negro",20,"Superior",4051,"Sim",2.27,0.74,3.83,4.07,2.22
384,"Feminino","Pardo",21,"Superior",4143,"Não",1.15,1.09,2.65,3.55,0.98
385,"Feminino","Negro",19,"Fundamental",1764,"Não",1.57,1.68,3.53,3.02,3.27
386,"Masculino","Branco",18,"Superior",5806,"Não",0.66,1.69,4.85,3.04,0.63
387,"Feminino","Negro",26,"Superior",3236,"Sim",0.9,0.86,3.05,2.88,3.91
388,"Masculino","Pardo",18,"Pós-graduação",1197,"Sim",1.89,3.04,3.84,2.12,3.06
389,"Feminino","Negro",23,"Médio",3942,"Sim",0,2.38,2.42,2.93,2.99
390,"Feminino","Branco",21,"Superior",4743,"Sim",2.19,1.27,4.75,2.5,2.45
391,"Masculino","Negro",19,"Fundamental",3409,"Não",2.32,1.34,4.77,3.5,0.87
392,"Feminino","Negro",23,"Superior",3639,"Não",1.75,1,4.05,1.74,3.36
393,"Masculino","Negro",24,"Médio",4785,"Não",1.02,2.42,4.08,1.66,3.19
394,"Feminino","Negro",27,"Superior",3485,"Não",2.16,2.89,3.53,4.37,2.53
395,"Masculino","Negro",24,"Superior",2664,"Não",1.49,1.69,3.62,2.63,3.16
396,"Feminino","Pardo",22,"Superior",3547,"Não",3.07,3.02,3.75,4.11,3.67
397,"Masculino","Negro",31,"Médio",5074,"Não",2.05,1.81,3.01,3.83,3.35
398,"Masculino","Negro",20,"Pós-graduação",3788,"Sim",3.14,2.33,2.59,2,3.52
399,"Feminino","Branco",19,"Fundamental",4198,"Sim",1.16,3.1,2.87,1.86,3.37
400,"Feminino","Branco",21,"Superior",6456,"Não",2.57,1.41,3.78,2.2,2.31
401,"Feminino","Negro",22,"Médio",3124,"Não",2.43,2.2,2.78,0.8,4.74
402,"Feminino","Negro",24,"Superior",2587,"Não",2.16,2.58,1.08,3.12,3.43
403,"Masculino","Branco",24,"Superior",4983,"Sim",3.07,1.72,4.01,2.27,3.26
404,"Feminino","Pardo",22,"Superior",1957,"Não",2.59,2.23,3.46,1.38,2.59
405,"Masculino","Negro",20,"Pós-graduação",5438,"Não",2.53,2.46,2.46,1.95,1.27
406,"Feminino","Branco",26,"Pós-graduação",2803,"Sim",2.75,3.17,2.94,4.01,2.67
407,"Masculino","Pardo",25,"Fundamental",3516,"Não",1.08,2.93,3.65,3.95,2.45
408,"Feminino","Branco",20,"Médio",6058,"Sim",2.2,1.74,5.01,3.99,0.98
409,"Feminino","Negro",25,"Superior",2844,"Não",2.66,2.65,4.38,2.13,3.65
410,"Feminino","Pardo",24,"Superior",3242,"Não",0.15,3.5,2.53,4.35,2.83
411,"Feminino","Branco",26,"Médio",1430,"Sim",2.65,1.53,5.91,1.93,4.2
412,"Feminino","Negro",23,"Pós-graduação",1819,"Não",0.79,3.38,4.63,3.45,2.76
413,"Feminino","Negro",19,"Médio",2262,"Sim",0.47,0.87,3.74,2.62,4.33
414,"Masculino","Pardo",25,"Superior",4198,"Sim",1.57,1.29,3.62,4.22,1.8
415,"Feminino","Branco",20,"Médio",1934,"Não",0.28,2.22,2.66,3.5,1.86
416,"Feminino","Negro",24,"Superior",3601,"Não",1.03,0.57,3.8,1.25,2.59
417,"Feminino","Pardo",28,"Médio",3739,"Não",2.33,2.39,3.93,4.26,3.95
418,"Masculino","Branco",18,"Pós-graduação",3209,"Não",1.72,0.18,3.07,2.46,1.47
419,"Feminino","Pardo",27,"Médio",4434,"Sim",2.68,1.43,3.71,2.1,4.58
420,"Feminino","Negro",27,"Médio",3944,"Sim",1.87,1.24,2.25,2.46,3.44
421,"Feminino","Negro",21,"Médio",3452,"Não",0.28,2.94,4.49,1.58,3.44
422,"Feminino","Pardo",22,"Superior",3677,"Não",0.73,1.11,3.1,2.31,2.12
423,"Masculino","Branco",20,"Superior",1996,"Não",1.78,3.27,1.19,1.55,3.06
424,"Masculino","Negro",21,"Médio",5490,"Sim",1.31,1.37,2.7,4.26,2.21
425,"Feminino","Branco",24,"Superior",3861,"Não",2.38,1.8,3.5,2.72,2.72
426,"Feminino","Negro",20,"Superior",3537,"Sim",1.77,1.35,3.87,0.5,2.59
427,"Feminino","Negro",22,"Médio",3103,"Sim",0.76,3.07,1.93,1.57,3.71
428,"Feminino","Negro",22,"Superior",2724,"Sim",1.21,0.9,3.26,2.48,2.53
429,"Masculino","Branco",22,"Médio",4868,"Não",2.47,2.77,3.09,0,2.31
430,"Feminino","Branco",23,"Pós-graduação",3690,"Não",0.89,2.98,2.68,0.69,2.89
431,"Feminino","Negro",28,"Superior",2110,"Não",0.45,1.76,2.15,1.09,3.47
432,"Feminino","Negro",21,"Superior",4531,"Sim",2.1,0.93,1.7,3.79,3.71
433,"Feminino","Branco",20,"Superior",4435,"Sim",1.8,2.75,3.45,3.07,3.52
434,"Feminino","Negro",25,"Superior",3282,"Sim",1.01,1.23,1.98,2.59,4.14
435,"Masculino","Negro",24,"Superior",2643,"Sim",1.61,1.3,2.33,1.38,3.68
436,"Feminino","Negro",23,"Superior",2340,"Sim",1.77,1.48,4.05,2.32,1.3
437,"Feminino","Negro",24,"Médio",4066,"Não",1.04,1.26,2.63,1.6,4.25
438,"Feminino","Negro",18,"Médio",3746,"Não",1.94,3.59,3.54,2.91,3.83
439,"Feminino","Pardo",26,"Superior",2277,"Sim",1.1,2.65,4.33,3.35,2.41
440,"Feminino","Negro",24,"Médio",3642,"Não",1.38,2.4,3.43,2.6,4.17
441,"Masculino","Branco",26,"Médio",4100,"Sim",2.24,1.58,3.29,3.11,1.38
442,"Masculino","Negro",21,"Médio",3681,"Não",1.42,3.05,2.54,3.87,2.93
443,"Feminino","Negro",17,"Médio",5203,"Não",0.31,1.19,2.36,2.83,4.49
444,"Masculino","Negro",21,"Médio",5767,"Não",1.44,1.91,2.25,1.76,3.51
445,"Feminino","Negro",20,"Superior",4459,"Sim",0.29,3.09,3.59,4.69,3.39
446,"Feminino","Negro",30,"Superior",1271,"Não",1.23,1.26,1.15,3.04,1.09
447,"Feminino","Negro",21,"Médio",4889,"Não",1.14,2.13,3.66,2.32,1.69
448,"Masculino","Pardo",22,"Superior",2547,"Sim",4.19,1.41,1.91,2.65,2.07
449,"Masculino","Negro",26,"Superior",1530,"Não",2.04,1.75,3.39,3.05,2.36
450,"Feminino","Outro",24,"Pós-graduação",3913,"Sim",2,2.05,4.59,2.65,4.47
451,"Feminino","Branco",25,"Superior",3746,"Não",1.81,1.93,3.77,2.1,2.77
452,"Feminino","Negro",31,"Pós-graduação",3480,"Sim",1.23,2.97,2.9,3.45,2.26
453,"Masculino","Pardo",23,"Superior",2795,"Sim",-0.49,2.66,3.55,2.71,2.77
454,"Masculino","Negro",29,"Médio",4367,"Não",3.1,2.84,1.38,2.18,4.09
455,"Feminino","Negro",23,"Médio",3900,"Não",1.24,2.86,2.59,0.93,3.27
456,"Feminino","Pardo",18,"Superior",2259,"Sim",0.96,3.3,2.9,2.24,2.55
457,"Feminino","Negro",15,"Médio",1865,"Sim",1.15,2.3,0.25,3.17,0.81
458,"Masculino","Negro",25,"Pós-graduação",1777,"Sim",2.51,2.69,5.14,3.45,3.57
459,"Masculino","Negro",19,"Fundamental",3406,"Sim",2.25,1.79,3.56,1.53,2.56
460,"Masculino","Negro",23,"Pós-graduação",4237,"Não",2.71,2,4.35,4.31,3.14
461,"Feminino","Negro",28,"Superior",4859,"Não",1.87,2.58,3.18,1.73,2.77
462,"Feminino","Negro",24,"Médio",4854,"Não",1.56,1.8,3.73,2.19,2.69
463,"Masculino","Negro",22,"Superior",3736,"Sim",1.45,1.76,5.3,2.98,3.33
464,"Feminino","Negro",16,"Médio",3320,"Sim",0.4,2.35,3.23,3.22,3.13
465,"Feminino","Negro",20,"Médio",4101,"Não",1.86,3.48,3.54,2.78,2.91
466,"Masculino","Branco",21,"Superior",3771,"Sim",1.38,0.85,3.8,2.21,4.59
467,"Feminino","Negro",25,"Pós-graduação",3388,"Sim",1.34,1.68,3.62,1.05,1.97
468,"Feminino","Negro",24,"Pós-graduação",3835,"Sim",2.49,2.44,3.91,1.74,3.37
469,"Feminino","Branco",23,"Pós-graduação",2947,"Não",2.62,2.39,2.94,3.06,3.25
470,"Masculino","Pardo",23,"Médio",7209,"Sim",3.61,0.83,2.86,3.15,2.27
471,"Feminino","Pardo",22,"Superior",353,"Sim",2.02,1.43,1.93,3.05,1.34
472,"Feminino","Negro",23,"Médio",5304,"Sim",1.57,1.09,2.83,2.73,3.3
473,"Masculino","Negro",23,"Superior",6529,"Sim",0.92,2.06,2.74,2.79,3.53
474,"Masculino","Negro",24,"Pós-graduação",3528,"Não",1.62,3.28,2.57,2.9,3.59
475,"Feminino","Outro",28,"Fundamental",4679,"Não",3.03,2.1,3.76,5.83,3.13
476,"Feminino","Negro",19,"Médio",3050,"Sim",1.46,1.91,3.52,2.81,3.25
477,"Feminino","Outro",27,"Pós-graduação",4876,"Não",3.02,4.13,2.01,1.78,2.87
478,"Masculino","Negro",25,"Superior",4761,"Não",1.47,1.55,2.73,3.86,2.62
479,"Feminino","Negro",18,"Médio",2249,"Sim",1.82,2.2,3.48,4.26,3.6
480,"Masculino","Negro",22,"Superior",1910,"Não",3.63,1.8,3.58,3.64,3.31
481,"Feminino","Negro",20,"Fundamental",4045,"Sim",1.67,1.28,3.33,2.68,4.82
482,"Feminino","Branco",20,"Superior",2220,"Não",0.49,2.65,2.53,1.23,2.66
483,"Masculino","Branco",18,"Médio",5180,"Não",1.11,1.63,5.04,3.57,1.71
484,"Feminino","Negro",21,"Médio",4133,"Não",0.8,2.87,3.7,3.94,2.45
485,"Masculino","Negro",21,"Superior",4190,"Não",1.72,1.73,2.53,1.6,3.18
486,"Feminino","Negro",21,"Superior",3885,"Sim",1.19,1.97,4.57,1.75,3.61
487,"Masculino","Pardo",16,"Médio",3982,"Não",1.95,1.37,2.74,2.12,3
488,"Feminino","Negro",24,"Médio",4983,"Não",2.95,1.81,5.06,1.89,3.29
489,"Feminino","Branco",25,"Médio",3623,"Não",0.87,2.44,3.23,2.77,3.19
490,"Feminino","Negro",25,"Superior",4022,"Sim",0.84,0.3,2.04,0.85,3.73
491,"Masculino","Negro",25,"Superior",3680,"Não",1.44,1.2,3.69,2.94,4.71
492,"Feminino","Pardo",23,"Pós-graduação",4682,"Sim",2.36,2.36,4.56,2.44,4.04
493,"Masculino","Branco",27,"Superior",2859,"Sim",1.95,1.11,2.31,4.12,3.37
494,"Feminino","Negro",20,"Superior",1766,"Não",1.73,2.99,2.06,1.74,3.21
495,"Feminino","Negro",19,"Superior",3200,"Sim",2.91,1.19,3.51,4.66,1.91
496,"Feminino","Pardo",24,"Superior",1147,"Sim",1.44,1.32,1.18,2.63,3.5
497,"Masculino","Negro",24,"Médio",2246,"Não",3.13,1.9,2.84,2.91,1.58
498,"Feminino","Negro",20,"Superior",3483,"Não",0.44,1.85,2.57,1.99,2.43
499,"Feminino","Negro",23,"Superior",2256,"Sim",1.87,1.87,3.93,0.97,4.86
500,"Feminino","Branco",24,"Médio",4462,"Não",2.37,2.47,1.17,1.24,2.42
501,"Feminino","Negro",24,"Médio",3438,"Sim",2.56,2.62,1.52,2.91,3.39
502,"Feminino","Pardo",25,"Médio",2339,"Não",0.49,0.46,2.91,2.77,3.42
503,"Feminino","Pardo",25,"Médio",4570,"Sim",1.15,2.96,2.22,4.08,2.47
504,"Masculino","Branco",15,"Médio",3048,"Não",0.1,3.31,3.61,2.68,2.3
505,"Feminino","Negro",28,"Superior",4226,"Não",1.46,1.42,2.9,4.09,3.74
506,"Masculino","Negro",24,"Médio",3653,"Sim",1.25,0.4,2.57,4.5,4.66
507,"Feminino","Branco",21,"Médio",3359,"Sim",2.44,0.62,4.8,3.07,3.07
508,"Feminino","Pardo",19,"Médio",2288,"Não",1.98,0.38,0.92,3.78,2.09
509,"Masculino","Outro",25,"Fundamental",333,"Sim",1.41,2.38,5.83,2.4,2.9
510,"Feminino","Negro",24,"Médio",1120,"Não",2.74,2.67,3.45,1.23,0.82
511,"Feminino","Negro",26,"Pós-graduação",1654,"Sim",1.53,3.43,2.4,2.6,2.2
512,"Masculino","Branco",22,"Médio",2598,"Sim",2.7,2.39,1.99,2.62,4
513,"Feminino","Negro",22,"Pós-graduação",4861,"Não",2.18,2.93,2.03,1.61,1.52
514,"Feminino","Negro",30,"Pós-graduação",2768,"Não",2.18,1.6,3.99,2.69,2.98
515,"Feminino","Negro",16,"Médio",1232,"Sim",2.38,1.21,4.32,4.32,4.89
516,"Feminino","Negro",24,"Médio",2374,"Não",1.15,2.34,2.43,2.37,1.86
517,"Feminino","Pardo",24,"Superior",3934,"Não",0.52,2.4,4.43,4.62,2.31
518,"Feminino","Negro",24,"Pós-graduação",3857,"Não",2.3,0.23,3.45,1.8,2.77
519,"Feminino","Branco",24,"Médio",2368,"Não",0.61,2.94,2.51,1.47,3.97
520,"Feminino","Branco",22,"Médio",2824,"Sim",0.93,1.55,4.66,1.33,2.43
521,"Masculino","Negro",26,"Médio",3634,"Não",1.48,2,4.03,3.15,1.98
522,"Masculino","Outro",15,"Superior",2819,"Não",2.1,1.19,1.84,2.53,2.64
523,"Masculino","Pardo",20,"Fundamental",3579,"Sim",2.14,2.67,4.13,2.93,2.36
524,"Feminino","Branco",22,"Médio",4565,"Não",0.18,1.77,4.67,3.77,3.22
525,"Masculino","Negro",23,"Superior",3871,"Sim",1.85,0.82,2.97,4.17,2.77
526,"Masculino","Pardo",24,"Superior",4039,"Sim",0.23,2.36,2.55,2.32,2.68
527,"Feminino","Negro",25,"Superior",4342,"Sim",3.45,0.62,4.08,4.45,1.77
528,"Masculino","Branco",18,"Médio",2321,"Sim",0.9,1.93,4.9,2.65,4.54
529,"Feminino","Negro",23,"Pós-graduação",2955,"Não",3,2.12,2.71,2.47,2.01
530,"Feminino","Negro",24,"Superior",3871,"Não",1.38,4.53,3.68,1.44,1.17
531,"Masculino","Branco",27,"Superior",1454,"Sim",2.15,2.56,5.19,1.76,2.38
532,"Feminino","Pardo",22,"Pós-graduação",2198,"Não",1.01,0.95,2.93,2.71,1.92
533,"Masculino","Negro",28,"Superior",3302,"Não",1.74,2.44,2.8,3.02,4.15
534,"Masculino","Branco",22,"Médio",2301,"Não",2.14,2.01,2.46,1.82,2.8
535,"Feminino","Negro",22,"Médio",5053,"Não",2.87,2.3,2.01,3.91,2.14
536,"Feminino","Negro",23,"Pós-graduação",5185,"Não",1.15,0.65,1.71,4.07,3.17
537,"Feminino","Negro",21,"Superior",2874,"Não",0.4,3.61,3.85,0.86,3.26
538,"Feminino","Pardo",25,"Fundamental",4002,"Não",0.67,2.6,2.88,2.09,3.87
539,"Feminino","Negro",18,"Superior",2351,"Não",1.75,1.76,1.64,3.52,2.34
540,"Feminino","Branco",22,"Superior",2942,"Sim",1.86,0.28,3.76,3.77,1.75
541,"Masculino","Pardo",21,"Médio",2988,"Sim",1.43,2.46,2.54,3,3.83
542,"Masculino","Negro",21,"Médio",4428,"Não",1.69,0.84,1.32,2.69,2.95
543,"Feminino","Pardo",26,"Pós-graduação",3586,"Sim",1.4,1.04,2.47,2.86,2.6
544,"Feminino","Branco",26,"Médio",3768,"Sim",1.31,2.59,2.02,3.25,3.2
545,"Feminino","Branco",28,"Superior",2443,"Não",3.45,2.76,3.11,2.99,2.86
546,"Masculino","Negro",22,"Superior",3657,"Sim",1.72,1.76,4.02,6.1,2.44
547,"Masculino","Branco",23,"Pós-graduação",3833,"Não",2.63,0.62,4.29,2.05,2.41
548,"Feminino","Branco",18,"Fundamental",4556,"Não",3.74,-0.02,3.74,2.12,2.71
549,"Feminino","Branco",21,"Pós-graduação",2886,"Não",0.59,0.84,2.35,3.48,2.56
550,"Feminino","Negro",28,"Superior",3672,"Não",1.54,1.47,3.73,3.92,3.03
551,"Masculino","Negro",21,"Superior",3895,"Não",1.65,1.22,2.01,2.9,3.87
552,"Feminino","Branco",19,"Superior",2253,"Não",2.61,2.39,3.98,2.87,2.02
553,"Masculino","Negro",23,"Superior",1884,"Não",1.39,1.36,3.02,2.66,3.94
554,"Feminino","Branco",26,"Médio",4377,"Não",1.9,2.53,2.75,4.04,3.34
555,"Feminino","Negro",17,"Médio",4544,"Não",1.8,3.18,3.87,2.41,2.07
556,"Feminino","Negro",22,"Médio",3893,"Sim",1.95,1.7,3.59,2.49,2.57
557,"Masculino","Pardo",24,"Médio",4587,"Sim",1.14,0.88,1.08,3.96,3.95
558,"Feminino","Branco",29,"Médio",4639,"Não",3.71,1.03,1.02,3.99,4.21
559,"Masculino","Branco",21,"Pós-graduação",4972,"Não",0.74,2.78,5.47,2.48,3.17
560,"Masculino","Branco",27,"Superior",3604,"Não",1.4,0.7,3.4,2.44,2.72
561,"Masculino","Negro",21,"Médio",4460,"Não",1.98,3.54,4.69,4.33,1.14
562,"Feminino","Negro",19,"Médio",2565,"Não",2,2.35,4.77,4.14,1.16
563,"Feminino","Negro",19,"Médio",2521,"Não",0.71,2.96,3.12,3.96,3.47
564,"Feminino","Pardo",22,"Superior",5689,"Não",1.53,1.44,1.77,2.09,3.16
565,"Feminino","Branco",22,"Pós-graduação",3566,"Sim",0.53,1.52,1.63,1.44,3.77
566,"Feminino","Pardo",21,"Superior",2168,"Não",2.38,2.5,0.55,3.75,4.37
567,"Masculino","Negro",26,"Pós-graduação",3329,"Sim",0.91,1.93,4.93,2.94,3.98
568,"Feminino","Negro",23,"Pós-graduação",2861,"Sim",0.75,2.63,3.12,4.07,2.5
569,"Feminino","Branco",22,"Médio",1236,"Não",1.65,1.93,4.16,1.51,3.81
570,"Masculino","Negro",21,"Pós-graduação",3398,"Não",0.65,1.94,2.97,4.65,2.4
571,"Masculino","Negro",18,"Médio",4292,"Sim",1.82,3.68,4.59,2.47,3.66
572,"Feminino","Branco",16,"Superior",4602,"Sim",1.21,2.54,3.53,2.65,4.27
573,"Masculino","Branco",23,"Médio",3591,"Sim",1.15,0.01,3.54,3.06,2.95
574,"Feminino","Negro",23,"Médio",5736,"Não",0.37,2.75,2.9,2.15,3.7
575,"Feminino","Branco",27,"Pós-graduação",3907,"Não",-0.33,1.49,3.1,2.99,2.01
576,"Masculino","Negro",23,"Médio",578,"Não",2.54,2.13,4.22,2.16,2.91
577,"Feminino","Negro",25,"Pós-graduação",5314,"Não",3.06,3.32,0.23,3.02,2.08
578,"Feminino","Branco",23,"Médio",2510,"Não",2.66,3.62,2.26,1.92,3.05
579,"Feminino","Negro",20,"Médio",3039,"Sim",1.58,0.32,1.99,2.01,2.33
580,"Feminino","Negro",23,"Pós-graduação",3560,"Sim",1.77,0.73,2.77,3.6,2.57
581,"Feminino","Negro",24,"Médio",2602,"Sim",1.93,2.49,2.09,5,2.45
582,"Masculino","Negro",20,"Superior",2739,"Sim",1.38,1.52,3.95,2.52,2.6
583,"Masculino","Branco",22,"Fundamental",3972,"Não",2.04,1.67,4.6,2.1,2.16
584,"Masculino","Branco",29,"Superior",731,"Sim",2.31,3.21,4.22,3.76,2.27
585,"Feminino","Branco",19,"Pós-graduação",3655,"Não",2.41,1.68,4.39,2.53,2.66
586,"Feminino","Negro",27,"Médio",4072,"Sim",2.58,1.05,4.14,3.49,4.01
587,"Masculino","Negro",22,"Superior",3646,"Não",1.31,1.83,4.15,1.17,4.1
588,"Masculino","Negro",27,"Superior",4478,"Não",1.92,2.79,2.12,3.31,2.87
589,"Feminino","Negro",20,"Pós-graduação",4446,"Sim",1.57,2.32,1.23,4.92,3.49
590,"Masculino","Negro",22,"Fundamental",4365,"Não",0.62,2.78,5.56,3.04,3.99
591,"Feminino","Branco",23,"Médio",5419,"Não",0.92,0.51,2.53,4.07,2.19
592,"Masculino","Branco",22,"Superior",2886,"Sim",1.42,2.2,5.05,2.9,2.65
593,"Feminino","Negro",25,"Superior",3805,"Sim",1.86,2.72,1.42,3.78,3.34
594,"Masculino","Branco",22,"Médio",3286,"Não",2.63,3.34,3.03,2.43,3.51
595,"Masculino","Negro",26,"Pós-graduação",4319,"Não",2.31,-0.36,3.06,2.38,2.67
596,"Feminino","Branco",23,"Pós-graduação",2902,"Sim",0.65,1.4,3.38,3.22,3.15
597,"Feminino","Negro",25,"Médio",2734,"Sim",2.13,2.83,2.15,3.29,2.98
598,"Feminino","Branco",19,"Superior",3941,"Não",0.92,2.57,2.85,4.06,2.46
599,"Feminino","Outro",20,"Pós-graduação",3289,"Não",2.37,2.42,4.09,3.75,0.8
600,"Feminino","Negro",26,"Pós-graduação",2624,"Não",0.89,0.66,3.14,2.06,3.5
601,"Feminino","Negro",24,"Fundamental",3503,"Sim",0.66,1.81,2.57,2.5,3.55
602,"Feminino","Negro",22,"Superior",4124,"Sim",1.72,0.15,2.69,2.6,3.7
603,"Masculino","Pardo",22,"Pós-graduação",3263,"Sim",1,2.12,5.95,3.45,2.69
604,"Feminino","Branco",25,"Superior",2644,"Sim",2.5,1.21,2.45,1.38,4.55
605,"Feminino","Pardo",22,"Superior",4078,"Não",0.81,0.8,3.9,3.79,3.7
606,"Feminino","Pardo",23,"Fundamental",2122,"Sim",2.06,2.25,4.61,2.84,4.08
607,"Masculino","Negro",17,"Superior",3336,"Não",2.44,3.74,2.02,2.93,2.95
608,"Feminino","Negro",28,"Pós-graduação",3252,"Não",1.37,0.67,2.8,3.55,0.11
609,"Feminino","Branco",25,"Superior",5773,"Não",2.01,1.31,3.66,2.74,3.85
610,"Feminino","Negro",25,"Superior",868,"Não",1.18,1.92,4.54,2.1,2.25
611,"Feminino","Negro",16,"Superior",3827,"Não",0.74,1.46,4.45,2.08,1.96
612,"Feminino","Negro",22,"Superior",3804,"Não",-0.22,1.16,3.13,2.25,2.5
613,"Masculino","Negro",21,"Médio",3558,"Não",0.91,2.65,3.6,3.08,4.61
614,"Feminino","Negro",18,"Superior",5153,"Sim",1.97,1.19,3.41,1.38,0.79
615,"Masculino","Negro",25,"Superior",2912,"Sim",1.71,1.95,3.49,1.54,2.32
616,"Masculino","Branco",26,"Fundamental",3470,"Sim",0.8,2.98,2.99,3.68,4.08
617,"Feminino","Negro",21,"Médio",4569,"Não",1.59,2.43,1.16,2.04,2.47
618,"Feminino","Negro",22,"Pós-graduação",3120,"Não",-0.28,0.65,2.9,2.37,4.06
619,"Feminino","Negro",28,"Médio",3495,"Não",2.3,3.28,3.52,5.02,4.07
620,"Feminino","Pardo",17,"Superior",3351,"Não",0.95,2.59,3.62,2.39,4.76
621,"Feminino","Pardo",25,"Médio",4249,"Não",1.55,2.3,3.17,2.42,3.73
622,"Feminino","Negro",21,"Superior",3634,"Sim",1.98,1.98,3.65,3.33,1.28
623,"Feminino","Branco",22,"Superior",2602,"Não",0.97,1.32,2.93,3.64,1
624,"Masculino","Branco",21,"Fundamental",2436,"Não",2.82,1.36,1.3,3.6,0.77
625,"Feminino","Pardo",26,"Superior",3396,"Não",1.9,1.24,2.99,5.49,1.77
626,"Masculino","Pardo",19,"Pós-graduação",1337,"Sim",1.99,0.85,3.06,4.86,0.85
627,"Feminino","Negro",26,"Médio",3794,"Não",2.3,2.58,0.58,4.04,2.55
628,"Feminino","Branco",27,"Superior",2058,"Não",2.39,0.88,4.2,1.52,1.69
629,"Masculino","Negro",17,"Superior",3905,"Não",2.09,2.48,1.98,2.52,1.02
630,"Feminino","Pardo",19,"Superior",6122,"Sim",3.55,1.33,3.87,0.73,1.72
631,"Feminino","Pardo",24,"Médio",6323,"Sim",1.17,2.88,3.47,1.4,2.39
632,"Feminino","Negro",19,"Pós-graduação",3739,"Não",2.9,3.03,2.13,3.04,2.69
633,"Feminino","Branco",20,"Médio",2094,"Não",0.57,2.12,3.47,3.26,1.67
634,"Feminino","Negro",21,"Pós-graduação",4791,"Sim",1.24,2.46,4.6,1.74,4.28
635,"Feminino","Negro",21,"Médio",6487,"Sim",1.27,2.35,3.4,2.4,2.71
636,"Masculino","Negro",25,"Superior",3243,"Não",0.93,0.83,2.88,4.35,3.75
637,"Feminino","Negro",21,"Superior",6071,"Não",1.74,2.82,3.24,2.82,3.56
638,"Feminino","Branco",23,"Médio",4198,"Sim",2.17,2.8,2.85,4,3.74
639,"Masculino","Negro",25,"Superior",2248,"Sim",0.99,1.28,1.46,3.3,2.8
640,"Masculino","Branco",18,"Pós-graduação",2559,"Não",1.94,1.2,3.38,2.49,2.91
641,"Feminino","Negro",20,"Superior",4841,"Sim",2.16,2.43,2.18,2.02,1.76
642,"Feminino","Negro",25,"Médio",4536,"Não",1.73,1.12,1.47,3.28,3.6
643,"Feminino","Pardo",21,"Médio",3556,"Sim",1.01,2.26,1.06,2.16,1.8
644,"Masculino","Negro",14,"Pós-graduação",1106,"Não",0.77,2.67,2.78,2.72,3.41
645,"Feminino","Negro",20,"Fundamental",3358,"Não",0.97,1.86,3.9,3.11,2.61
646,"Masculino","Branco",25,"Superior",3413,"Não",2.07,1.97,1.53,2.73,1.29
647,"Feminino","Negro",21,"Superior",2277,"Sim",3.08,1.48,2.39,1.84,2.38
648,"Feminino","Negro",21,"Médio",3950,"Não",1.17,1.82,3.69,1.71,3.33
649,"Masculino","Branco",22,"Superior",4150,"Não",2.83,1.59,1.78,3.11,2.28
650,"Masculino","Negro",25,"Fundamental",2904,"Sim",0.82,4.38,4.85,3.44,3.61
651,"Feminino","Negro",21,"Médio",3462,"Não",1.19,2.64,2.31,3.11,1.96
652,"Masculino","Branco",24,"Superior",4105,"Sim",1.59,3.11,2.68,3.31,2.83
653,"Masculino","Negro",24,"Superior",4194,"Não",1.31,1.68,4.53,1.69,1.32
654,"Masculino","Negro",19,"Superior",2213,"Não",1.79,1.91,3.8,2.52,2.28
655,"Feminino","Negro",22,"Superior",4097,"Sim",2.32,4.57,4.14,3.55,2.08
656,"Feminino","Branco",21,"Pós-graduação",3426,"Não",2.49,1.35,1.94,4.21,2.35
657,"Feminino","Negro",24,"Superior",2587,"Não",2.26,1.52,4.37,1.88,2.66
658,"Feminino","Negro",18,"Fundamental",5810,"Não",0.45,1.97,3.19,1.14,3.19
659,"Feminino","Pardo",27,"Superior",4235,"Não",1.18,3.09,3.73,2.91,2.31
660,"Feminino","Negro",27,"Pós-graduação",4901,"Sim",1.37,-0.6,3.23,3.16,3.56
661,"Masculino","Negro",20,"Superior",2959,"Sim",2.2,3.95,3,3.7,2.04
662,"Masculino","Pardo",20,"Pós-graduação",1589,"Sim",0.4,1.12,5.53,4.26,3.33
663,"Feminino","Negro",20,"Médio",2831,"Sim",1.11,1,1.72,2.74,2.41
664,"Masculino","Negro",22,"Médio",4730,"Não",2.18,1.79,4.77,1.46,4.7
665,"Feminino","Negro",21,"Pós-graduação",4287,"Sim",2.41,2.69,2.83,1.2,2.83
666,"Masculino","Pardo",23,"Médio",5937,"Não",1.88,1.33,2.39,1.14,3.58
667,"Feminino","Negro",16,"Superior",2114,"Sim",3,0.41,3.96,2.77,3.7
668,"Feminino","Negro",23,"Pós-graduação",3123,"Não",-0.28,1.66,2.75,3.2,2.43
669,"Masculino","Branco",23,"Superior",3775,"Sim",1.83,2.4,4.2,2.16,3.45
670,"Feminino","Negro",17,"Superior",4065,"Sim",1.6,2.88,2.15,4.12,2.07
671,"Feminino","Negro",23,"Médio",3256,"Sim",0.85,3.13,2.02,3.37,3.98
672,"Masculino","Negro",23,"Fundamental",5179,"Não",1.2,1.71,4.6,2.56,3.72
673,"Feminino","Negro",22,"Superior",4484,"Não",1.84,3.42,4.01,3.49,2.85
674,"Feminino","Negro",22,"Superior",4306,"Não",2.62,3.18,3.02,3.25,2.6
675,"Feminino","Negro",24,"Superior",3190,"Não",1.85,1.68,3.75,2.45,1.5
676,"Feminino","Negro",24,"Pós-graduação",4938,"Sim",2.17,2.92,3.26,3.27,3.19
677,"Feminino","Outro",21,"Médio",3950,"Sim",0.91,3.05,3.28,4.1,3.66
678,"Feminino","Negro",26,"Superior",2751,"Não",1.29,0.86,2.66,3.61,1.91
679,"Feminino","Pardo",22,"Superior",3513,"Sim",1.62,3.47,3.5,3.41,3.53
680,"Feminino","Negro",22,"Fundamental",3477,"Não",1.76,2.03,3.07,2.29,3.6
681,"Feminino","Negro",26,"Superior",1460,"Não",2.07,2.55,4.6,2.97,4.63
682,"Masculino","Branco",26,"Médio",3455,"Não",1.5,2.02,1.35,1.75,2.11
683,"Masculino","Negro",20,"Superior",3423,"Sim",2.26,1.48,3.93,3.15,3.27
684,"Masculino","Negro",19,"Superior",4208,"Não",1.86,3.47,2.59,2.38,0.85
685,"Feminino","Negro",20,"Médio",3180,"Não",0.57,3.28,2.6,1.97,3.01
686,"Masculino","Negro",19,"Médio",2232,"Sim",1.94,1.14,3.14,1.89,3.56
687,"Feminino","Negro",17,"Superior",3404,"Não",0.28,2.09,4.73,2.86,4.11
688,"Feminino","Negro",23,"Superior",2453,"Não",1.14,2.59,1.63,2.57,1.83
689,"Masculino","Pardo",22,"Superior",2323,"Não",1.88,0.49,2.2,1.93,3.42
690,"Feminino","Negro",25,"Médio",3743,"Sim",0.61,1.69,2.96,2.87,2.86
691,"Feminino","Negro",22,"Superior",2182,"Não",1.56,2.53,3.39,4.53,3.28
692,"Feminino","Negro",24,"Pós-graduação",3634,"Sim",1.58,1.79,3.41,4.55,3.93
693,"Masculino","Negro",21,"Médio",3781,"Não",1.55,0.26,5.37,2.06,2.95
694,"Masculino","Negro",19,"Superior",5586,"Não",0.94,0.76,3.45,2.14,4.5
695,"Feminino","Negro",25,"Pós-graduação",3566,"Não",2.13,1.27,3.12,2.87,2.13
696,"Masculino","Negro",25,"Superior",4611,"Não",2.22,2.26,3.4,2.46,4.17
697,"Feminino","Negro",17,"Superior",4897,"Não",1.34,0.46,2.21,4.59,3.97
698,"Masculino","Branco",25,"Médio",4213,"Não",1.99,2.55,4.01,3.29,1.36
699,"Masculino","Negro",17,"Médio",3262,"Não",0.98,3.06,2.38,3.37,2.58
700,"Feminino","Branco",22,"Fundamental",3176,"Sim",1.67,1.59,2.18,3.37,1.75
701,"Masculino","Negro",21,"Superior",3877,"Não",2.26,2.95,3.67,2.51,3.87
702,"Feminino","Negro",22,"Médio",4065,"Sim",1.85,2.98,3.82,3.63,4.57
703,"Feminino","Negro",26,"Superior",3734,"Não",1.76,2.08,1.47,1.43,0.01
